<code_scheme name="Default" version="173">
  <option name="LINE_SEPARATOR" value="&#10;" />
  <option name="RIGHT_MARGIN" value="100" />
  <JavaCodeStyleSettings>
    <option name="CLASS_COUNT_TO_USE_IMPORT_ON_DEMAND" value="99" />
    <option name="NAMES_COUNT_TO_USE_IMPORT_ON_DEMAND" value="99" />
    <option name="IMPORT_LAYOUT_TABLE">
      <value>
        <package name="java" withSubpackages="true" static="true" />
        <package name="javax" withSubpackages="true" static="true" />
        <package name="import com" withSubpackages="true" static="true" />
        <emptyLine />
        <package name="" withSubpackages="true" static="false" />
        <emptyLine />
        <package name="" withSubpackages="true" static="true" />
      </value>
    </option>
  </JavaCodeStyleSettings>
  <codeStyleSettings language="JAVA">
    <option name="LINE_COMMENT_AT_FIRST_COLUMN" value="false" />
    <indentOptions>
      <option name="SMART_TABS" value="true" />
    </indentOptions>
  </codeStyleSettings>
</code_scheme>