<application>
  <component name="ParameterNameHintsSettings">
    <blacklists>
      <blacklist language="TypeScript" />
      <blacklist language="Java" />
      <blacklist language="Groovy" />
      <blacklist language="Kotlin" />
    </blacklists>
    <disabledLanguages>
      <language id="JAVA" />
      <language id="TypeScript" />
      <language id="Angular2Html" />
      <language id="JavaScript" />
      <language id="kotlin" />
      <language id="Groovy" />
      <language id="SQL" />
    </disabledLanguages>
  </component>
</application>