<keymap version="1" name="Eclipse copy" parent="Eclipse">
  <action id="$Copy">
    <keyboard-shortcut first-keystroke="meta c" />
  </action>
  <action id="$Cut">
    <keyboard-shortcut first-keystroke="meta x" />
  </action>
  <action id="$Paste">
    <keyboard-shortcut first-keystroke="meta v" />
  </action>
  <action id="$SelectAll">
    <keyboard-shortcut first-keystroke="meta a" />
  </action>
  <action id="$Undo">
    <keyboard-shortcut first-keystroke="meta z" />
  </action>
  <action id="Editor Copy">
    <keyboard-shortcut first-keystroke="meta c" />
  </action>
  <action id="Editor Cut">
    <keyboard-shortcut first-keystroke="meta x" />
  </action>
  <action id="Editor Paste">
    <keyboard-shortcut first-keystroke="meta v" />
  </action>
  <action id="Editor SelectAll">
    <keyboard-shortcut first-keystroke="meta a" />
  </action>
  <action id="Editor Undo">
    <keyboard-shortcut first-keystroke="meta z" />
  </action>
</keymap>